id;post_id;user_id;parent_comment_id;content;created_at
1;1;26;NULL;'Officer voice exist relationship truth water.';'2025-04-16 15:30:21'
2;1;22;1;'Prepare expect nation contain eight top book.';'2025-04-16 15:30:21'
3;1;30;2;'Everyone score fast focus campaign else into.';'2025-04-16 15:30:21'
4;1;30;NULL;'Building all measure dinner economy television.';'2025-04-16 15:30:21'
5;1;37;NULL;'Management former at near girl sister Mr.';'2025-04-16 15:30:21'
6;1;19;NULL;'All finish fund art various case appear note.';'2025-04-16 15:30:21'
7;1;9;6;'Forget thank culture authority as traditional when describe.';'2025-04-16 15:30:21'
8;2;30;NULL;'Stuff item industry activity quickly.';'2025-04-16 15:30:21'
9;2;32;NULL;'Soldier according trouble deep pay.';'2025-04-16 15:30:21'
10;2;28;9;'Citizen they western thousand.';'2025-04-16 15:30:21'
11;2;37;10;'Increase until community rather drive idea artist.';'2025-04-16 15:30:21'
12;3;50;NULL;'Debate major determine professor where.';'2025-04-16 15:30:21'
13;3;44;12;'Wish individual recent speech exist executive itself.';'2025-04-16 15:30:21'
14;3;29;NULL;'Sport now south radio model understand thus.';'2025-04-16 15:30:21'
15;3;9;14;'Seek even notice cover perform writer discussion challenge.';'2025-04-16 15:30:21'
16;3;18;NULL;'Same whether area meeting.';'2025-04-16 15:30:21'
17;3;43;NULL;'Old stand very authority mind painting.';'2025-04-16 15:30:21'
18;3;4;NULL;'Leader moment choose authority get.';'2025-04-16 15:30:21'
19;3;7;NULL;'Huge your parent poor worker.';'2025-04-16 15:30:21'
20;3;18;NULL;'Eat space gun tend woman nature.';'2025-04-16 15:30:21'
21;4;16;NULL;'Identify local turn public second.';'2025-04-16 15:30:21'
22;4;1;21;'Skill parent sit direction.';'2025-04-16 15:30:21'
23;5;25;NULL;'Take will make rather information herself.';'2025-04-16 15:30:21'
24;5;33;NULL;'Short floor within left ago pressure.';'2025-04-16 15:30:21'
25;5;4;NULL;'Sit certainly resource technology child more.';'2025-04-16 15:30:21'
26;6;18;NULL;'Growth major have against.';'2025-04-16 15:30:21'
27;6;25;NULL;'Decade their difficult politics suggest throw.';'2025-04-16 15:30:21'
28;6;4;27;'Major this worry short paper it know.';'2025-04-16 15:30:21'
29;6;6;NULL;'Contain impact lead exist site tell.';'2025-04-16 15:30:21'
30;6;36;NULL;'Improve shoulder kid exactly.';'2025-04-16 15:30:21'
31;6;41;NULL;'Forward low born why pressure.';'2025-04-16 15:30:21'
32;6;22;NULL;'More black trip hope.';'2025-04-16 15:30:21'
33;6;6;NULL;'Too drive leave order ability purpose.';'2025-04-16 15:30:21'
34;6;18;NULL;'Find paper next tonight likely power idea.';'2025-04-16 15:30:21'
35;7;27;NULL;'Rich gas serious personal customer space Congress happen.';'2025-04-16 15:30:21'
36;7;12;NULL;'Sell when other tonight real physical.';'2025-04-16 15:30:21'
37;7;14;36;'Budget whom bill though.';'2025-04-16 15:30:21'
38;7;42;NULL;'Front only range population game remember pressure.';'2025-04-16 15:30:21'
39;7;1;NULL;'Bad prepare space time science report carry.';'2025-04-16 15:30:21'
40;7;23;NULL;'Son pass choose.';'2025-04-16 15:30:21'
41;7;49;NULL;'However media trip bank data nothing first.';'2025-04-16 15:30:21'
42;7;35;NULL;'Entire trade leave us capital rate imagine.';'2025-04-16 15:30:21'
43;8;21;NULL;'Company respond meeting program support responsibility seem wall.';'2025-04-16 15:30:21'
44;8;34;NULL;'Senior cause agree thing plan friend.';'2025-04-16 15:30:21'
45;8;27;NULL;'Six enough together number question herself.';'2025-04-16 15:30:21'
46;8;2;NULL;'Name after shoulder take easy occur nation idea.';'2025-04-16 15:30:21'
47;8;15;46;'Pm read improve show.';'2025-04-16 15:30:21'
48;8;9;47;'Contain gas teach cultural.';'2025-04-16 15:30:21'
49;8;41;48;'Play job look cup act scene.';'2025-04-16 15:30:21'
50;8;44;NULL;'Call price hair always car back price.';'2025-04-16 15:30:21'
51;8;45;NULL;'Food better stay.';'2025-04-16 15:30:21'
52;9;20;NULL;'Treatment reason maybe expert final.';'2025-04-16 15:30:21'
53;9;47;52;'Ten item trouble station rate town study college.';'2025-04-16 15:30:21'
54;9;28;NULL;'Top fish young peace provide relate when.';'2025-04-16 15:30:21'
55;9;27;NULL;'End across purpose assume despite.';'2025-04-16 15:30:21'
56;9;37;55;'Own father expert thus imagine alone.';'2025-04-16 15:30:21'
57;9;34;56;'Loss hair interest author itself scientist.';'2025-04-16 15:30:21'
58;10;4;NULL;'Action attorney century evening.';'2025-04-16 15:30:21'
59;10;31;NULL;'Option writer itself of country score.';'2025-04-16 15:30:21'
60;10;4;NULL;'Head company through public buy knowledge late.';'2025-04-16 15:30:21'
61;11;42;NULL;'Bit eight clearly peace back purpose star.';'2025-04-16 15:30:21'
62;11;38;61;'Standard whether official too color receive money follow.';'2025-04-16 15:30:21'
63;11;10;NULL;'Already machine pull before price.';'2025-04-16 15:30:21'
64;11;29;NULL;'Close physical prove prove various north.';'2025-04-16 15:30:21'
65;11;2;NULL;'Management positive more campaign.';'2025-04-16 15:30:21'
66;11;21;NULL;'Almost develop government worry.';'2025-04-16 15:30:21'
67;11;23;NULL;'Successful learn miss so return once.';'2025-04-16 15:30:21'
68;11;10;NULL;'Could protect build explain.';'2025-04-16 15:30:21'
69;12;32;NULL;'Fly word safe agreement pass specific other.';'2025-04-16 15:30:21'
70;12;32;NULL;'Serious though worker walk.';'2025-04-16 15:30:21'
71;12;44;70;'Ever view situation follow commercial agency.';'2025-04-16 15:30:21'
72;12;48;71;'Physical trial occur front.';'2025-04-16 15:30:21'
73;12;15;72;'Customer employee himself might evening.';'2025-04-16 15:30:21'
74;13;43;NULL;'Ever meeting interesting discover who practice.';'2025-04-16 15:30:21'
75;13;36;NULL;'Foreign news see improve consider program crime deep.';'2025-04-16 15:30:21'
76;13;23;75;'Person kitchen force us so boy billion.';'2025-04-16 15:30:21'
77;13;8;NULL;'Let fast institution reflect outside Democrat.';'2025-04-16 15:30:21'
78;13;8;NULL;'How around among appear say.';'2025-04-16 15:30:21'
79;13;18;NULL;'Rate century never admit consider his national fear.';'2025-04-16 15:30:21'
80;14;36;NULL;'True already many recognize popular drop last.';'2025-04-16 15:30:21'
81;14;25;NULL;'Form real second else.';'2025-04-16 15:30:21'
82;14;10;NULL;'Personal beyond score stage couple share this.';'2025-04-16 15:30:21'
83;14;16;82;'Marriage discussion tree situation daughter act.';'2025-04-16 15:30:21'
84;14;43;NULL;'Trouble course last box arm end.';'2025-04-16 15:30:21'
85;14;8;NULL;'School himself agree in level.';'2025-04-16 15:30:21'
86;14;40;NULL;'Blue mission pay least general institution fall.';'2025-04-16 15:30:21'
87;15;28;NULL;'Deep note treat remain.';'2025-04-16 15:30:21'
88;15;27;NULL;'Gas style number office just.';'2025-04-16 15:30:21'
89;15;37;NULL;'Give stock modern career want task.';'2025-04-16 15:30:21'
90;15;9;NULL;'Economy young create practice quickly.';'2025-04-16 15:30:21'
91;15;23;NULL;'Us floor skin hand true too.';'2025-04-16 15:30:21'
92;15;39;NULL;'Sort put still gas challenge group catch.';'2025-04-16 15:30:21'
93;15;7;92;'Sell field drive which he.';'2025-04-16 15:30:21'
94;16;32;NULL;'Contain president his.';'2025-04-16 15:30:21'
95;16;40;94;'However consumer though talk seek.';'2025-04-16 15:30:21'
96;16;13;95;'Cut successful fight become staff.';'2025-04-16 15:30:21'
97;16;11;NULL;'Office prevent choice market.';'2025-04-16 15:30:21'
98;17;8;NULL;'Meet reality see situation from parent.';'2025-04-16 15:30:21'
99;17;1;NULL;'Event member unit point policy usually way.';'2025-04-16 15:30:21'
100;17;21;NULL;'Main short kitchen dream specific career.';'2025-04-16 15:30:21'
101;17;19;NULL;'International ball sing worker per now.';'2025-04-16 15:30:21'
102;17;39;NULL;'Soon economic become rule data mother.';'2025-04-16 15:30:21'
103;17;4;NULL;'Medical prove trade ask democratic news top.';'2025-04-16 15:30:21'
104;18;3;NULL;'Prove shake each stage star media brother forward.';'2025-04-16 15:30:21'
105;18;1;104;'Economic chair family include bar.';'2025-04-16 15:30:21'
106;18;5;NULL;'Have rule memory much business west huge almost.';'2025-04-16 15:30:21'
107;18;3;NULL;'Summer loss should push.';'2025-04-16 15:30:21'
108;19;9;NULL;'Strategy able those lead receive away fight.';'2025-04-16 15:30:21'
109;19;22;NULL;'At full central.';'2025-04-16 15:30:21'
110;19;28;NULL;'Sure my environmental.';'2025-04-16 15:30:21'
111;19;20;NULL;'Station many notice major thank.';'2025-04-16 15:30:21'
112;19;31;NULL;'Price term doctor rather.';'2025-04-16 15:30:21'
113;19;50;NULL;'Play trip wall any.';'2025-04-16 15:30:21'
114;19;10;NULL;'Cut brother force receive picture bill.';'2025-04-16 15:30:21'
115;19;33;114;'Then industry think reveal fish.';'2025-04-16 15:30:21'
116;19;16;115;'Could international according or maintain company.';'2025-04-16 15:30:21'
117;20;4;NULL;'Dark true to talk theory each themselves.';'2025-04-16 15:30:21'
118;20;40;117;'Campaign early writer start today purpose.';'2025-04-16 15:30:21'
119;20;47;NULL;'Day doctor glass interest government.';'2025-04-16 15:30:21'
120;20;25;119;'Use central great interview center.';'2025-04-16 15:30:21'
121;21;6;NULL;'Close beat major off bill.';'2025-04-16 15:30:21'
122;21;8;NULL;'Society responsibility join fast produce politics pick.';'2025-04-16 15:30:21'
123;21;37;122;'Somebody out candidate recently base Mr begin page.';'2025-04-16 15:30:21'
124;21;50;NULL;'Less the field response.';'2025-04-16 15:30:21'
125;21;40;NULL;'Usually authority Republican book city fish market number.';'2025-04-16 15:30:21'
126;21;4;NULL;'American consider sister bar.';'2025-04-16 15:30:21'
127;21;9;NULL;'Early foot on close degree.';'2025-04-16 15:30:21'
128;21;11;NULL;'Role mission former computer.';'2025-04-16 15:30:21'
129;21;7;128;'Clear century dog letter bill themselves.';'2025-04-16 15:30:21'
130;22;24;NULL;'Send find good include detail.';'2025-04-16 15:30:21'
131;22;12;NULL;'Able cup parent across run.';'2025-04-16 15:30:21'
132;22;41;131;'On bag with discover senior money back current.';'2025-04-16 15:30:21'
133;22;41;132;'Bag role drug oil.';'2025-04-16 15:30:21'
134;22;13;NULL;'Series prepare particular computer.';'2025-04-16 15:30:21'
135;23;21;NULL;'Degree budget ground media quality she affect enough.';'2025-04-16 15:30:21'
136;23;13;NULL;'Physical star forget evidence space few floor nor.';'2025-04-16 15:30:21'
137;23;12;NULL;'Expect run service none least far explain over.';'2025-04-16 15:30:21'
138;23;47;NULL;'Kitchen state about international local.';'2025-04-16 15:30:21'
139;23;39;NULL;'Red character top need government.';'2025-04-16 15:30:21'
140;23;6;NULL;'Response final develop institution perform exactly fill.';'2025-04-16 15:30:21'
141;24;40;NULL;'Education imagine run.';'2025-04-16 15:30:21'
142;24;4;141;'Scientist reality do similar realize raise.';'2025-04-16 15:30:21'
143;24;33;NULL;'Alone true money American office safe catch include.';'2025-04-16 15:30:21'
144;24;45;NULL;'Take even whether key.';'2025-04-16 15:30:21'
145;24;48;NULL;'Chance effort recently spring between.';'2025-04-16 15:30:21'
146;24;4;145;'Include style relationship federal usually arm.';'2025-04-16 15:30:21'
147;24;7;NULL;'Community standard speech western.';'2025-04-16 15:30:21'
148;25;28;NULL;'Focus they listen even detail.';'2025-04-16 15:30:21'
149;25;18;NULL;'Officer adult worry little.';'2025-04-16 15:30:21'
150;25;2;149;'Agreement light today end expect begin campaign.';'2025-04-16 15:30:21'
151;25;22;NULL;'Administration moment job realize feel.';'2025-04-16 15:30:21'
152;25;9;NULL;'Whose nature positive no wall key single.';'2025-04-16 15:30:21'
153;25;43;NULL;'Face particularly always table.';'2025-04-16 15:30:21'
154;25;34;NULL;'Station character several agent black rock.';'2025-04-16 15:30:21'
155;25;3;154;'Best stock traditional whole really voice.';'2025-04-16 15:30:21'
156;26;45;NULL;'Surface season marriage source there beat energy.';'2025-04-16 15:30:21'
157;26;18;NULL;'Onto animal approach listen.';'2025-04-16 15:30:21'
158;26;5;NULL;'Quickly campaign network experience moment protect.';'2025-04-16 15:30:21'
159;26;33;NULL;'Nation college wonder play line forget.';'2025-04-16 15:30:21'
160;26;27;NULL;'Including skin but assume lot somebody ground.';'2025-04-16 15:30:21'
161;27;18;NULL;'Challenge window home nothing.';'2025-04-16 15:30:21'
162;27;33;161;'Billion well become action pull ready me.';'2025-04-16 15:30:21'
163;27;19;NULL;'Meeting trade focus successful who.';'2025-04-16 15:30:21'
164;27;40;NULL;'Whole most bag.';'2025-04-16 15:30:21'
165;27;48;NULL;'Page threat consider want rather.';'2025-04-16 15:30:21'
166;27;3;NULL;'Case dark girl land something.';'2025-04-16 15:30:21'
167;27;13;NULL;'Imagine material occur theory explain trip season along.';'2025-04-16 15:30:21'
168;28;34;NULL;'Institution floor product pay hot.';'2025-04-16 15:30:21'
169;28;8;168;'Treat stop without road offer wear today theory.';'2025-04-16 15:30:21'
170;28;5;NULL;'Miss series soldier serious.';'2025-04-16 15:30:21'
171;28;26;NULL;'Time begin garden loss network.';'2025-04-16 15:30:21'
172;29;39;NULL;'Develop education mind quite guy.';'2025-04-16 15:30:21'
173;29;10;172;'Keep answer above pretty career stay teach.';'2025-04-16 15:30:21'
174;29;33;NULL;'Store such challenge travel community recognize smile.';'2025-04-16 15:30:21'
175;29;28;NULL;'Safe we life station.';'2025-04-16 15:30:21'
176;30;16;NULL;'Support cell authority these become support quickly.';'2025-04-16 15:30:21'
177;30;33;NULL;'Born reality national dinner practice edge.';'2025-04-16 15:30:21'
178;30;38;NULL;'Other discover suggest age live around administration need.';'2025-04-16 15:30:21'
179;30;30;178;'Fund collection between ready future party charge.';'2025-04-16 15:30:21'
180;30;39;179;'Sometimes front believe usually contain paper.';'2025-04-16 15:30:21'
181;30;2;NULL;'Position federal how method share policy skill main.';'2025-04-16 15:30:21'
182;30;28;NULL;'Security these politics remain need stock.';'2025-04-16 15:30:21'
183;30;24;NULL;'Section activity respond concern wife.';'2025-04-16 15:30:21'
184;30;1;NULL;'To every once civil already.';'2025-04-16 15:30:21'
185;30;49;NULL;'System agreement executive face type century be.';'2025-04-16 15:30:21'
186;31;17;NULL;'Rock safe wind summer he.';'2025-04-16 15:30:21'
187;31;14;NULL;'Cold under production far.';'2025-04-16 15:30:21'
188;31;6;NULL;'Popular middle scientist although list.';'2025-04-16 15:30:21'
189;31;3;NULL;'See no them education woman major.';'2025-04-16 15:30:21'
190;32;40;NULL;'Seven take today cost.';'2025-04-16 15:30:21'
191;32;31;NULL;'Around expect catch at.';'2025-04-16 15:30:21'
192;32;32;NULL;'In western couple threat.';'2025-04-16 15:30:21'
193;32;30;NULL;'Statement ground cold much.';'2025-04-16 15:30:21'
194;32;38;NULL;'Wear within less.';'2025-04-16 15:30:21'
195;32;50;NULL;'President yet allow institution reduce rather.';'2025-04-16 15:30:21'
196;32;23;NULL;'Treatment job but technology war.';'2025-04-16 15:30:21'
197;33;43;NULL;'Check suddenly me main first that detail.';'2025-04-16 15:30:21'
198;33;6;197;'Family develop wind ten.';'2025-04-16 15:30:21'
199;33;19;NULL;'Economy difference house stay stage rise dinner.';'2025-04-16 15:30:21'
200;33;48;NULL;'Fund truth produce read price order.';'2025-04-16 15:30:21'
201;34;27;NULL;'Chance dinner summer accept series.';'2025-04-16 15:30:21'
202;34;43;201;'Box friend ever another method born amount.';'2025-04-16 15:30:21'
203;34;22;202;'Later result imagine.';'2025-04-16 15:30:21'
204;34;20;NULL;'System someone claim five coach past successful.';'2025-04-16 15:30:21'
205;34;44;NULL;'Behavior artist security from tell call choose scientist.';'2025-04-16 15:30:21'
206;34;15;NULL;'Door responsibility its strategy might analysis.';'2025-04-16 15:30:21'
207;34;31;206;'Season role national scientist less hour chair.';'2025-04-16 15:30:21'
208;34;23;NULL;'Key service right anyone business answer firm.';'2025-04-16 15:30:21'
